{
    "flower": "tag:forge:storage_blocks/gold",
    "maxTimeInHive": 2400,
    "traits": ["nether"],
    "hasHoneycomb": true,
    "baseLayerTexture": "ores/gold/gold_bee",
    "ColorData": {
        "primaryColor": "#FFDC00",
        "secondaryColor": "#FFDC00",
        "honeycombColor": "#FFDC00",
        "primaryLayerTexture": "empty_layer",
        "secondaryLayerTexture": "empty_layer",
        "emissiveLayerTexture": "empty_layer",
        "isBeeColored": false,
        "isRainbowBee": false,
        "isGlowing": false,
        "glowColor": "#FFDC00",
        "isEnchanted": false,
        "glowingPulse": 0,
        "modelType": "ORE"
    },
    "CombatData": {
        "isPassive": true,
        "removeStingerOnAttack": true,
        "inflictsPoison": true,
        "attackDamage": 1
    },
    "MutationData": {
        "hasMutation": true,
        "mutationCount": 1,
        "mutations": [{
                "type": "BLOCK_TO_ITEM",
                "inputID": "resourcefulbees:gold_honeycomb_block",
                "outputs": [{
                        "outputID": "minecraft:gold_ingot",
                        "weight": 80
                    },
                    {
                        "outputID": "resourcefulbees:gold_bee_spawn_egg",
                        "weight": 20
                    }
                ]
            },
            {
                "type": "BLOCK_TO_ITEM",
                "inputID": "minecraft:netherite_block",
                "outputs": [{
                        "outputID": "minecraft:cobblestone",
                        "weight": 80
                    },
                    {
                        "outputID": "resourcefulbees:netherite_bee_spawn_egg",
                        "weight": 20
                    }
                ]
            }
        ]
    },
    "CentrifugeData": {
        "hasCentrifugeOutput": true,
        "mainInputCount": 1,
        "mainOutput": "minecraft:gold_ore",
        "mainOutputWeight": 0.50,
        "mainOutputCount": 1,
        "mainNBTData": {},
        "secondaryOutput": "minecraft:gold_ingot",
        "secondaryOutputWeight": 0.01,
        "secondaryOutputCount": 2,
        "secondaryNBTData": {},
        "bottleOutput": "minecraft:honey_bottle",
        "bottleOutputWeight": 0.25,
        "bottleOutputCount": 1,
        "bottleNBTData": {},
        "recipeTime": 200,
        "hasFluidOutput": false
    },
    "SpawnData": {
        "canSpawnInWorld": false,
        "biomeWhitelist": "",
        "biomeBlacklist": "",
        "spawnWeight": 2,
        "minYLevel": 0,
        "maxYLevel": 255,
        "minGroupSize": 1,
        "maxGroupSize": 3,
        "lightLevel": "ANY"
    },
    "BreedData": {
        "isBreedable": true,
        "parent1": "Quartz",
        "parent2": "Stoned",
        "breedWeight": 10,
        "breedChance": 0.60,
        "feedItem": "tag:forge:storage_blocks/gold",
        "feedAmount": 5,
        "childGrowthDelay": -24000,
        "breedDelay": 6000
    },
    "TraitData": {
        "hasTraits": false
    }
}