{
  "sub-biomes": {
    "byg:alpine_foothills": {
      "dictionary": "COLD,HILLS,OVERWORLD,SNOWY",
      "river": "byg:alpine_foothills",
      "beach": "minecraft:beach",
      "edge": ""
    },
    "byg:araucaria_forest": {
      "dictionary": "DENSE,FOREST,OVERWORLD",
      "river": "minecraft:river",
      "beach": "minecraft:beach",
      "edge": ""
    },
    "byg:aspen_clearing": {
      "dictionary": "FOREST,OVERWORLD",
      "river": "minecraft:river",
      "beach": "minecraft:beach",
      "edge": ""
    },
    "byg:aspen_forest_hills": {
      "dictionary": "FOREST,HILLS,OVERWORLD",
      "river": "minecraft:river",
      "beach": "minecraft:beach",
      "edge": ""
    },
    "byg:bamboo_forest": {
      "dictionary": "DENSE,FOREST,OVERWORLD",
      "river": "minecraft:river",
      "beach": "minecraft:beach",
      "edge": ""
    },
    "byg:basalt_barrera": {
      "dictionary": "BEACH,OVERWORLD",
      "river": "minecraft:river",
      "beach": "",
      "edge": ""
    },
    "byg:black_forest_clearing": {
      "dictionary": "COLD,CONIFEROUS,FOREST,OVERWORLD",
      "river": "minecraft:river",
      "beach": "byg:rocky_beach",
      "edge": ""
    },
    "byg:black_forest_hills": {
      "dictionary": "COLD,CONIFEROUS,FOREST,HILLS,OVERWORLD",
      "river": "minecraft:river",
      "beach": "byg:rocky_beach",
      "edge": ""
    },
    "byg:blue_giant_taiga": {
      "dictionary": "OVERWORLD,RARE",
      "river": "minecraft:river",
      "beach": "minecraft:beach",
      "edge": ""
    },
    "byg:blue_taiga_hills": {
      "dictionary": "COLD,CONIFEROUS,FOREST,HILLS,OVERWORLD",
      "river": "minecraft:river",
      "beach": "minecraft:beach",
      "edge": ""
    },
    "byg:bluff_peaks": {
      "dictionary": "COLD,MOUNTAIN,OVERWORLD,SNOWY",
      "river": "minecraft:river",
      "beach": "byg:rocky_beach",
      "edge": ""
    },
    "byg:bog": {
      "dictionary": "OVERWORLD,SWAMP,WATER,WET",
      "river": "byg:bog",
      "beach": "byg:bog",
      "edge": ""
    },
    "byg:boreal_clearing": {
      "dictionary": "CONIFEROUS,FOREST,OVERWORLD",
      "river": "minecraft:river",
      "beach": "minecraft:beach",
      "edge": ""
    },
    "byg:boreal_forest_hills": {
      "dictionary": "COLD,CONIFEROUS,FOREST,HILLS,OVERWORLD",
      "river": "minecraft:river",
      "beach": "minecraft:beach",
      "edge": ""
    },
    "byg:canyon_edge": {
      "dictionary": "OVERWORLD,WATER,WET",
      "river": "byg:canyon_edge",
      "beach": "minecraft:beach",
      "edge": ""
    },
    "byg:cherry_blossom_clearing": {
      "dictionary": "FOREST,OVERWORLD",
      "river": "minecraft:river",
      "beach": "minecraft:beach",
      "edge": ""
    },
    "byg:cika_mountains": {
      "dictionary": "COLD,CONIFEROUS,FOREST,MOUNTAIN,OVERWORLD",
      "river": "minecraft:river",
      "beach": "byg:rocky_beach",
      "edge": ""
    },
    "byg:coniferous_clearing": {
      "dictionary": "COLD,CONIFEROUS,FOREST,OVERWORLD",
      "river": "minecraft:river",
      "beach": "minecraft:beach",
      "edge": ""
    },
    "byg:coniferous_forest_hills": {
      "dictionary": "COLD,CONIFEROUS,FOREST,HILLS,OVERWORLD",
      "river": "minecraft:river",
      "beach": "minecraft:beach",
      "edge": ""
    },
    "byg:coral_mangroves": {
      "dictionary": "OVERWORLD,SWAMP,WATER,WET",
      "river": "byg:coral_mangroves",
      "beach": "byg:coral_mangroves",
      "edge": ""
    },
    "byg:deciduous_clearing": {
      "dictionary": "FOREST,OVERWORLD",
      "river": "minecraft:river",
      "beach": "minecraft:beach",
      "edge": ""
    },
    "byg:deciduous_forest_hills": {
      "dictionary": "FOREST,HILLS,OVERWORLD",
      "river": "minecraft:river",
      "beach": "minecraft:beach",
      "edge": ""
    },
    "byg:dummy": {
      "dictionary": "OVERWORLD",
      "river": "minecraft:river",
      "beach": "minecraft:beach",
      "edge": ""
    },
    "byg:ebony_hills": {
      "dictionary": "DENSE,FOREST,HILLS,OVERWORLD",
      "river": "minecraft:river",
      "beach": "minecraft:beach",
      "edge": ""
    },
    "byg:enchanted_forest_hills": {
      "dictionary": "FOREST,HILLS,MAGICAL,OVERWORLD,RARE",
      "river": "minecraft:river",
      "beach": "minecraft:beach",
      "edge": ""
    },
    "byg:enchanted_grove": {
      "dictionary": "LUSH,MAGICAL,OVERWORLD,PLAINS,RARE",
      "river": "minecraft:river",
      "beach": "minecraft:beach",
      "edge": ""
    },
    "byg:evergreen_clearing": {
      "dictionary": "COLD,CONIFEROUS,FOREST,OVERWORLD",
      "river": "minecraft:river",
      "beach": "minecraft:beach",
      "edge": ""
    },
    "byg:evergreen_hills": {
      "dictionary": "COLD,CONIFEROUS,FOREST,HILLS,OVERWORLD",
      "river": "minecraft:river",
      "beach": "minecraft:beach",
      "edge": ""
    },
    "byg:flowering_ancient_forest": {
      "dictionary": "DENSE,FOREST,MAGICAL,OVERWORLD,RARE",
      "river": "minecraft:river",
      "beach": "minecraft:beach",
      "edge": ""
    },
    "byg:flowering_enchanted_grove": {
      "dictionary": "LUSH,MAGICAL,OVERWORLD,PLAINS",
      "river": "minecraft:river",
      "beach": "minecraft:beach",
      "edge": ""
    },
    "byg:flowering_grove": {
      "dictionary": "LUSH,OVERWORLD,PLAINS",
      "river": "minecraft:river",
      "beach": "minecraft:beach",
      "edge": ""
    },
    "byg:flowering_meadow": {
      "dictionary": "LUSH,OVERWORLD,PLAINS",
      "river": "minecraft:river",
      "beach": "minecraft:beach",
      "edge": ""
    },
    "byg:forest_fault": {
      "dictionary": "COLD,CONIFEROUS,FOREST,OVERWORLD,RARE",
      "river": "minecraft:river",
      "beach": "byg:rocky_beach",
      "edge": ""
    },
    "byg:fresh_water_lake": {
      "dictionary": "OVERWORLD,WATER,WET",
      "river": "byg:fresh_water_lake",
      "beach": "minecraft:beach",
      "edge": ""
    },
    "byg:frozen_lake": {
      "dictionary": "OVERWORLD,SNOWY,WATER,WET",
      "river": "byg:frozen_lake",
      "beach": "minecraft:beach",
      "edge": ""
    },
    "byg:fungal_patch": {
      "dictionary": "DENSE,HOT,JUNGLE,MAGICAL,OVERWORLD",
      "river": "minecraft:river",
      "beach": "minecraft:beach",
      "edge": ""
    },
    "byg:glowing_ancient_forest": {
      "dictionary": "DENSE,FOREST,MAGICAL,OVERWORLD,RARE",
      "river": "minecraft:river",
      "beach": "minecraft:beach",
      "edge": ""
    },
    "byg:great_lake_isles": {
      "dictionary": "CONIFEROUS,OVERWORLD",
      "river": "minecraft:river",
      "beach": "minecraft:beach",
      "edge": ""
    },
    "byg:grove": {
      "dictionary": "LUSH,OVERWORLD,PLAINS",
      "river": "minecraft:river",
      "beach": "minecraft:beach",
      "edge": ""
    },
    "byg:guiana_clearing": {
      "dictionary": "FOREST,JUNGLE,OVERWORLD",
      "river": "minecraft:river",
      "beach": "minecraft:beach",
      "edge": ""
    },
    "byg:guiana_springs": {
      "dictionary": "FOREST,JUNGLE,OVERWORLD",
      "river": "minecraft:river",
      "beach": "minecraft:beach",
      "edge": ""
    },
    "byg:jacaranda_clearing": {
      "dictionary": "FOREST,JUNGLE,OVERWORLD",
      "river": "minecraft:river",
      "beach": "minecraft:beach",
      "edge": ""
    },
    "byg:jacaranda_forest_hills": {
      "dictionary": "DENSE,FOREST,HILLS,HOT,JUNGLE,OVERWORLD",
      "river": "minecraft:river",
      "beach": "minecraft:beach",
      "edge": ""
    },
    "byg:lush_red_desert": {
      "dictionary": "DRY,HOT,OVERWORLD,SANDY",
      "river": "minecraft:river",
      "beach": "minecraft:beach",
      "edge": ""
    },
    "byg:maple_hills": {
      "dictionary": "COLD,FOREST,HILLS,OVERWORLD",
      "river": "minecraft:river",
      "beach": "minecraft:beach",
      "edge": ""
    },
    "byg:marshlands": {
      "dictionary": "OVERWORLD,SWAMP,WATER,WET",
      "river": "byg:marshlands",
      "beach": "minecraft:beach",
      "edge": ""
    },
    "byg:northern_forest": {
      "dictionary": "COLD,FOREST,LUSH,OVERWORLD,SNOWY",
      "river": "minecraft:river",
      "beach": "minecraft:beach",
      "edge": ""
    },
    "byg:oasis": {
      "dictionary": "HOT,LUSH,OVERWORLD,SANDY,WATER,WET",
      "river": "byg:oasis",
      "beach": "minecraft:beach",
      "edge": ""
    },
    "byg:pointed_stone_forest": {
      "dictionary": "FOREST,MOUNTAIN,OVERWORLD,PLATEAU",
      "river": "minecraft:river",
      "beach": "byg:rocky_beach",
      "edge": ""
    },
    "byg:polluted_lake": {
      "dictionary": "OVERWORLD,WASTELAND,WATER,WET",
      "river": "byg:polluted_lake",
      "beach": "minecraft:beach",
      "edge": ""
    },
    "byg:prairie_clearing": {
      "dictionary": "DRY,OVERWORLD,PLAINS,SPARSE",
      "river": "minecraft:river",
      "beach": "minecraft:beach",
      "edge": ""
    },
    "byg:pumpkin_forest": {
      "dictionary": "COLD,FOREST,MAGICAL,OVERWORLD,RARE",
      "river": "minecraft:river",
      "beach": "minecraft:beach",
      "edge": ""
    },
    "byg:rainbow_beach": {
      "dictionary": "BEACH,OVERWORLD",
      "river": "minecraft:river",
      "beach": "",
      "edge": ""
    },
    "byg:red_desert_dunes": {
      "dictionary": "HILLS,HOT,OVERWORLD,SANDY,WASTELAND",
      "river": "byg:red_desert_dunes",
      "beach": "minecraft:beach",
      "edge": ""
    },
    "byg:red_oak_forest_hills": {
      "dictionary": "FOREST,HILLS,OVERWORLD",
      "river": "minecraft:river",
      "beach": "minecraft:beach",
      "edge": ""
    },
    "byg:red_rock_highlands": {
      "dictionary": "HOT,MOUNTAIN,OVERWORLD",
      "river": "minecraft:river",
      "beach": "minecraft:beach",
      "edge": ""
    },
    "byg:red_rock_lowlands": {
      "dictionary": "HOT,OVERWORLD",
      "river": "minecraft:river",
      "beach": "minecraft:beach",
      "edge": ""
    },
    "byg:red_spruce_taiga": {
      "dictionary": "COLD,CONIFEROUS,FOREST,OVERWORLD",
      "river": "minecraft:river",
      "beach": "minecraft:beach",
      "edge": ""
    },
    "byg:redwood_clearing": {
      "dictionary": "FOREST,OVERWORLD,SPARSE",
      "river": "minecraft:river",
      "beach": "byg:rocky_beach",
      "edge": ""
    },
    "byg:redwood_mountains": {
      "dictionary": "DRY,HOT,MOUNTAIN,OVERWORLD",
      "river": "minecraft:river",
      "beach": "byg:rocky_beach",
      "edge": ""
    },
    "byg:rocky_beach": {
      "dictionary": "OVERWORLD",
      "river": "minecraft:river",
      "beach": "minecraft:beach",
      "edge": ""
    },
    "byg:seasonal_birch_forest_hills": {
      "dictionary": "COLD,FOREST,HILLS,OVERWORLD",
      "river": "minecraft:river",
      "beach": "minecraft:beach",
      "edge": ""
    },
    "byg:seasonal_deciduous_clearing": {
      "dictionary": "FOREST,OVERWORLD",
      "river": "minecraft:river",
      "beach": "minecraft:beach",
      "edge": ""
    },
    "byg:seasonal_deciduous_forest_hills": {
      "dictionary": "FOREST,HILLS,OVERWORLD",
      "river": "minecraft:river",
      "beach": "minecraft:beach",
      "edge": ""
    },
    "byg:seasonal_forest_hills": {
      "dictionary": "COLD,FOREST,OVERWORLD",
      "river": "minecraft:river",
      "beach": "minecraft:beach",
      "edge": ""
    },
    "byg:seasonal_giant_taiga": {
      "dictionary": "COLD,CONIFEROUS,FOREST,OVERWORLD",
      "river": "minecraft:river",
      "beach": "minecraft:beach",
      "edge": ""
    },
    "byg:seasonal_taiga_hills": {
      "dictionary": "COLD,CONIFEROUS,FOREST,OVERWORLD",
      "river": "minecraft:river",
      "beach": "minecraft:beach",
      "edge": ""
    },
    "byg:sierra_range": {
      "dictionary": "DRY,HOT,MOUNTAIN,OVERWORLD",
      "river": "minecraft:river",
      "beach": "minecraft:beach",
      "edge": ""
    },
    "byg:skyris_highlands_clearing": {
      "dictionary": "COLD,CONIFEROUS,MOUNTAIN,OVERWORLD",
      "river": "byg:skyris_highlands_clearing",
      "beach": "minecraft:beach",
      "edge": ""
    },
    "byg:skyris_peaks": {
      "dictionary": "COLD,CONIFEROUS,MOUNTAIN,OVERWORLD",
      "river": "byg:skyris_peaks",
      "beach": "minecraft:beach",
      "edge": ""
    },
    "byg:skyris_steeps": {
      "dictionary": "COLD,CONIFEROUS,MOUNTAIN,OVERWORLD",
      "river": "byg:skyris_steeps",
      "beach": "minecraft:beach",
      "edge": ""
    },
    "byg:snowy_black_beach": {
      "dictionary": "BEACH,OVERWORLD,SNOWY",
      "river": "minecraft:frozen_river",
      "beach": "",
      "edge": ""
    },
    "byg:snowy_blue_giant_taiga": {
      "dictionary": "CONIFEROUS,FOREST,OVERWORLD,RARE,SNOWY",
      "river": "minecraft:river",
      "beach": "minecraft:beach",
      "edge": ""
    },
    "byg:snowy_blue_taiga_hills": {
      "dictionary": "COLD,CONIFEROUS,FOREST,OVERWORLD,SNOWY",
      "river": "minecraft:frozen_river",
      "beach": "minecraft:snowy_beach",
      "edge": ""
    },
    "byg:snowy_coniferous_clearing": {
      "dictionary": "CONIFEROUS,FOREST,OVERWORLD,SNOWY",
      "river": "minecraft:frozen_river",
      "beach": "byg:snowy_black_beach",
      "edge": ""
    },
    "byg:snowy_coniferous_forest_hills": {
      "dictionary": "CONIFEROUS,FOREST,HILLS,OVERWORLD,SNOWY",
      "river": "minecraft:frozen_river",
      "beach": "byg:snowy_black_beach",
      "edge": ""
    },
    "byg:snowy_deciduous_clearing": {
      "dictionary": "FOREST,OVERWORLD,SNOWY",
      "river": "minecraft:frozen_river",
      "beach": "minecraft:snowy_beach",
      "edge": ""
    },
    "byg:snowy_deciduous_forest_hills": {
      "dictionary": "FOREST,HILLS,OVERWORLD,SNOWY",
      "river": "minecraft:frozen_river",
      "beach": "minecraft:snowy_beach",
      "edge": ""
    },
    "byg:snowy_evergreen_clearing": {
      "dictionary": "CONIFEROUS,FOREST,OVERWORLD,SNOWY",
      "river": "minecraft:frozen_river",
      "beach": "byg:snowy_black_beach",
      "edge": ""
    },
    "byg:snowy_evergreen_hills": {
      "dictionary": "CONIFEROUS,FOREST,OVERWORLD,SNOWY",
      "river": "minecraft:frozen_river",
      "beach": "byg:snowy_black_beach",
      "edge": ""
    },
    "byg:snowy_rocky_black_beach": {
      "dictionary": "BEACH,OVERWORLD,SNOWY",
      "river": "minecraft:frozen_river",
      "beach": "",
      "edge": ""
    },
    "byg:tropical_fungal_rainforest_hills": {
      "dictionary": "DENSE,HILLS,HOT,JUNGLE,MAGICAL,OVERWORLD",
      "river": "minecraft:river",
      "beach": "minecraft:beach",
      "edge": ""
    },
    "byg:tropical_islands": {
      "dictionary": "OVERWORLD",
      "river": "byg:tropical_islands",
      "beach": "byg:rainbow_beach",
      "edge": ""
    },
    "byg:tropical_rainforest_hills": {
      "dictionary": "DENSE,HILLS,HOT,JUNGLE,OVERWORLD",
      "river": "minecraft:river",
      "beach": "minecraft:beach",
      "edge": ""
    },
    "byg:twilight_valley_hills": {
      "dictionary": "COLD,HILLS,MAGICAL,OVERWORLD,WASTELAND",
      "river": "minecraft:river",
      "beach": "minecraft:beach",
      "edge": ""
    },
    "byg:weeping_witch_clearing": {
      "dictionary": "COLD,FOREST,MAGICAL,OVERWORLD,RARE",
      "river": "minecraft:river",
      "beach": "minecraft:beach",
      "edge": ""
    },
    "byg:white_beach": {
      "dictionary": "BEACH,OVERWORLD",
      "river": "minecraft:river",
      "beach": "",
      "edge": ""
    },
    "byg:wooded_grassland_plateau": {
      "dictionary": "FOREST,OVERWORLD,PLAINS",
      "river": "minecraft:river",
      "beach": "byg:rocky_beach",
      "edge": ""
    },
    "byg:wooded_meadow": {
      "dictionary": "FOREST,LUSH,OVERWORLD,PLAINS",
      "river": "minecraft:river",
      "beach": "minecraft:beach",
      "edge": ""
    },
    "byg:wooded_red_rock_mountains": {
      "dictionary": "DRY,HOT,MOUNTAIN,OVERWORLD",
      "river": "minecraft:river",
      "beach": "minecraft:beach",
      "edge": ""
    },
    "byg:zelkova_clearing": {
      "dictionary": "COLD,CONIFEROUS,FOREST,OVERWORLD",
      "river": "minecraft:river",
      "beach": "minecraft:beach",
      "edge": ""
    },
    "byg:zelkova_forest_hills": {
      "dictionary": "COLD,CONIFEROUS,FOREST,HILLS,OVERWORLD",
      "river": "minecraft:river",
      "beach": "minecraft:beach",
      "edge": ""
    }
  }
}