{
  "__comment": "Instructions: https://mods.blakebr0.com/docs/cucumber/tags-config",
  "forge:ingots/constantan": "null",
  "forge:ingots/tungsten": "null",
  "forge:ingots/tin": "alltheores:tin_ingot",
  "forge:ingots/bronze": "null",
  "forge:ingots/copper": "alltheores:copper_ingot",
  "forge:ingots/electrum": "null",
  "forge:silicon": "null",
  "forge:gems/apatite": "null",
  "forge:ingots/silver": "alltheores:silver_ingot",
  "forge:dusts/saltpeter": "bloodmagic:saltpeter",
  "forge:ingots/steel": "null",
  "forge:ingots/platinum": "alltheores:platinum_ingot",
  "forge:ingots/lead": "alltheores:lead_ingot",
  "forge:ingots/graphite": "null",
  "forge:ingots/uranium": "alltheores:uranium_ingot",
  "forge:ingots/aluminum": "alltheores:aluminum_ingot",
  "forge:ingots/mithril": "null",
  "forge:ingots/iridium": "null",
  "forge:ingots/zinc": "alltheores:zinc_ingot",
  "forge:ingots/invar": "null",
  "forge:dusts/niter": "null",
  "forge:ingots/chrome": "null",
  "forge:ingots/brass": "create:brass_ingot",
  "forge:ingots/titanium": "null",
  "forge:rubber": "null",
  "forge:dusts/sulfur": "bloodmagic:sulfur",
  "forge:ingots/nickel": "alltheores:nickel_ingot",
  "forge:gems/sapphire": "iceandfire:sapphire_gem",
  "forge:gems/ruby": "null"
}