{
  "slots": [
    "double/head_left",
    "double/head_right"
  ],
  "keySuffixes": [
    "_left",
    "_right"
  ],
  "materialSlotCount": 1,
  "glyph": {
    "textureX": 64
  },
  "displayType": "major",
  "outcomes": [
    {
      "material": {
        "item": "minecraft:diamond"
      },
      "requiredTools": {
        "hammer": 5
      },
      "moduleKey": "double/basic_hammer",
      "moduleVariant": "basic_hammer/diamond",
      "improvements": {
        "arrested": 1
      }
    }
  ]
}