{
  "type": "tetra:multi_major_module",
  "slots": [
    "double/head_left",
    "double/head_right"
  ],
  "slotSuffixes": [
    "_left",
    "_right"
  ],
  "variants": [
    {
      "materials": ["tetra:gem/diamond"],
      "key": "basic_hammer/",
      "attributes": {
        "generic.attack_speed": -1.1
      },
      "tools": {
        "hammer": 8
      },
      "integrity": -1,
      "extract": {
        "primaryAttributes": {
          "generic.attack_damage": 0.5
        },
        "secondaryAttributes": {
          "generic.attack_damage": 1,
          "generic.attack_speed": -0.08
        },
        "tools": {
          "hammer": [0, 0.8333]
        },
        "durability": 0.55,
        "integrity": -1,
        "magicCapacity": 1,
        "glyph": {
          "textureX": 64
        },
        "availableTextures": ["shiny"],
        "models": [{
          "location": "tetra:items/module/double/head/basic_hammer/"
        }]
      }
    }
  ]
}